{
  "project_info": {
    "project_number": "452501918966",
    "firebase_url": "https://prescriptionmanager-58607.firebaseio.com",
    "project_id": "prescriptionmanager-58607",
    "storage_bucket": "prescriptionmanager-58607.appspot.com"
  },
  "client": [
    {
      "client_info": {
        "mobilesdk_app_id": "1:452501918966:android:c2a129ccdabf47b64dc8d7",
        "android_client_info": {
          "package_name": "com.example.prescriptionmanager"
        }
      },
      "oauth_client": [
        {
          "client_id": "452501918966-hmkmrengimi694kd0hbgdi164ds9mjcg.apps.googleusercontent.com",
          "client_type": 3
        }
      ],
      "api_key": [
        {
          "current_key": "AIzaSyCYQxc2xSMxA2gm-RgD1lu5KkhimijDpfM"
        }
      ],
      "services": {
        "appinvite_service": {
          "other_platform_oauth_client": [
            {
              "client_id": "452501918966-hmkmrengimi694kd0hbgdi164ds9mjcg.apps.googleusercontent.com",
              "client_type": 3
            }
          ]
        }
      }
    }
  ],
  "configuration_version": "1"
}